Time - Theta_sim,Amplitude - Theta_sim,Time - Theta_Motor,Amplitude - Theta_Motor,Time - Input V,Amplitude - Input V
0,0,0,0,0,0
1,0.000820672,1,0,1,0.128
2,0.00298396,2,0,2,0.256
3,0.00682183,3,0,3,0.384
4,0.0125454,4,0.00153398,4,0.512
5,0.020289,5,0.00306796,5,0.64
6,0.0301379,6,0.0076699,6,0.768
7,0.0421465,7,0.0138058,7,0.896
8,0.0560416,8,0.0214757,8,0.976
9,0.0703159,9,0.0306796,9,0.848
10,0.0840106,10,0.0414175,10,0.72
11,0.096516,11,0.0536893,11,0.592
12,0.107444,12,0.0644272,12,0.464
13,0.116549,13,0.0736311,13,0.336
14,0.123673,14,0.081301,14,0.208
15,0.128717,15,0.0889709,15,0.08
16,0.131617,16,0.0920388,16,-0.048
17,0.132333,17,0.0951068,17,-0.176
18,0.13084,18,0.0951068,18,-0.304
19,0.12712,19,0.0951068,19,-0.432
20,0.121164,20,0.0951068,20,-0.56
21,0.112965,21,0.0920388,21,-0.688
22,0.102518,22,0.0859029,22,-0.816
23,0.0898217,23,0.079767,23,-0.944
24,0.0757969,24,0.0705631,24,-0.928
25,0.0617479,25,0.0582913,25,-0.8
26,0.0485042,26,0.0475534,26,-0.672
27,0.0365934,27,0.0352816,27,-0.544
28,0.0263509,28,0.0245437,28,-0.416
29,0.0179902,29,0.0153398,29,-0.288
30,0.0116469,30,0.00613592,30,-0.16
31,0.00740745,31,0,31,-0.032
32,0.00532664,32,-0.00306796,32,0.096
33,0.00543942,33,-0.00460194,33,0.224
34,0.007768,34,-0.00460194,34,0.352
35,0.0123265,35,-0.00460194,35,0.48
36,0.0191239,36,-0.00460194,36,0.608
37,0.0281659,37,0,37,0.736
38,0.0394562,38,0.00613592,38,0.864
39,0.052997,39,0.0138058,39,0.992
40,0.067251,40,0.0245437,40,0.88
41,0.0811381,41,0.0368155,41,0.752
42,0.093971,42,0.0475534,42,0.624
43,0.105313,43,0.0598253,43,0.496
44,0.114886,44,0.0690291,44,0.368
45,0.122513,45,0.078233,45,0.24
46,0.128082,46,0.0843689,46,0.112
47,0.131521,47,0.0905049,47,-0.016
48,0.132785,48,0.0935728,48,-0.144
49,0.131845,49,0.0951068,49,-0.272
50,0.128683,50,0.0951068,50,-0.4
51,0.123286,51,0.0951068,51,-0.528
52,0.115648,52,0.0935728,52,-0.656
53,0.105763,53,0.0874369,53,-0.784
54,0.0936297,54,0.081301,54,-0.912
55,0.0797575,55,0.0705631,55,-0.96
56,0.0656005,56,0.0598253,56,-0.832
57,0.0520829,57,0.0475534,57,-0.704
58,0.0397927,58,0.0368155,58,-0.576
59,0.0291037,59,0.0245437,59,-0.448
60,0.0202539,60,0.0153398,60,-0.32
61,0.0133944,61,0.00613592,61,-0.192
62,0.00862143,62,0,62,-0.064
63,0.00599615,63,-0.00460194,63,0.064
64,0.00555748,64,-0.00613592,64,0.192
65,0.00733016,65,-0.0076699,65,0.32
66,0.0113299,66,-0.0076699,66,0.448
67,0.0175668,67,-0.0076699,67,0.576
68,0.0260472,68,-0.00460194,68,0.704
69,0.0367751,69,0.00153398,69,0.832
70,0.049753,70,0.0107379,70,0.96
71,0.0638543,71,0.0199418,71,0.912
72,0.0778493,72,0.0306796,72,0.784
73,0.0909561,73,0.0429515,73,0.656
74,0.102677,74,0.0536893,74,0.528
75,0.112697,75,0.0644272,75,0.4
76,0.120813,76,0.0736311,76,0.272
77,0.126898,77,0.081301,77,0.144
78,0.130871,78,0.0874369,78,0.016
79,0.132679,79,0.0905049,79,-0.112
80,0.132291,80,0.0920388,80,-0.24
81,0.129684,81,0.0920388,81,-0.368
82,0.124846,82,0.0920388,82,-0.496
83,0.117769,83,0.0920388,83,-0.624
84,0.108446,84,0.0859029,84,-0.752
85,0.0968744,85,0.079767,85,-0.88
86,0.0831548,86,0.0705631,86,-0.992
87,0.0688895,87,0.0598253,87,-0.864
88,0.055098,88,0.0506214,88,-0.736
89,0.0424284,89,0.0368155,89,-0.608
90,0.031293,90,0.0260777,90,-0.48
91,0.021954,91,0.0153398,91,-0.352
92,0.0145783,92,0.00613592,92,-0.224
93,0.00927177,93,0,93,-0.096
94,0.00610201,94,-0.00460194,94,0.032
95,0.00511189,95,-0.0076699,95,0.16
96,0.00632868,96,-0.00920388,96,0.288
97,0.00976975,97,-0.00920388,97,0.416
98,0.0154461,98,-0.00920388,98,0.544
99,0.0233648,99,-0.0076699,99,0.672
100,0.0335303,100,-0.00153398,100,0.8
101,0.0459454,101,0.00460194,101,0.928
102,0.0598939,102,0.0153398,102,0.944
103,0.0739969,103,0.0245437,103,0.816
104,0.0873776,104,0.0368155,104,0.688
105,0.0994781,105,0.0490874,105,0.56
106,0.109944,106,0.0598253,106,0.432
107,0.118549,107,0.0705631,107,0.304
108,0.12515,108,0.078233,108,0.176
109,0.129657,109,0.082835,109,0.048
110,0.13201,110,0.0874369,110,-0.08
111,0.132173,111,0.0889709,111,-0.208
112,0.130122,112,0.0905049,112,-0.336
113,0.125843,113,0.0905049,113,-0.464
114,0.119326,114,0.0905049,114,-0.592
115,0.110565,115,0.0859029,115,-0.72
116,0.0995555,116,0.079767,116,-0.848
117,0.0862961,117,0.0720971,117,-0.976
118,0.0721184,118,0.0613592,118,-0.896
119,0.0581774,119,0.0490874,119,-0.768
120,0.0452076,120,0.0383495,120,-0.64
121,0.033676,121,0.0260777,121,-0.512
122,0.02388,122,0.0153398,122,-0.384
123,0.0160083,123,0.00613592,123,-0.256
124,0.0101813,124,-0.00153398,124,-0.128
125,0.00647531,125,-0.00613592,125,0
126,0.00493897,126,-0.0107379,126,0.128
127,0.0056032,127,-0.0122718,127,0.256
128,0.00848767,128,-0.0122718,128,0.384
129,0.0136049,129,-0.0122718,129,0.512
130,0.0209628,130,-0.0107379,130,0.64
131,0.0305664,131,-0.00613592,131,0.768
132,0.0424191,132,0.00153398,132,0.896
133,0.056215,133,0.0107379,133,0.976
134,0.0704261,134,0.0199418,134,0.848
135,0.0840807,135,0.0322136,135,0.72
136,0.0965606,136,0.0444854,136,0.592
137,0.107473,137,0.0536893,137,0.464
138,0.116567,138,0.0659612,138,0.336
139,0.123685,139,0.0736311,139,0.208
140,0.128725,140,0.079767,140,0.08
141,0.131622,141,0.0843689,141,-0.048
142,0.132336,142,0.0874369,142,-0.176
143,0.130842,143,0.0874369,143,-0.304
144,0.127121,144,0.0874369,144,-0.432
145,0.121165,145,0.0874369,145,-0.56
146,0.112965,146,0.0843689,146,-0.688
147,0.102518,147,0.079767,147,-0.816
148,0.0898219,148,0.0720971,148,-0.944
149,0.075797,149,0.0628932,149,-0.928
150,0.061748,150,0.0521553,150,-0.8
151,0.0485043,151,0.0383495,151,-0.672
152,0.0365934,152,0.0276117,152,-0.544
153,0.0263509,153,0.0168738,153,-0.416
154,0.0179902,154,0.00613592,154,-0.288
155,0.0116469,155,-0.00153398,155,-0.16
156,0.00740745,156,-0.0076699,156,-0.032
157,0.00532664,157,-0.0107379,157,0.096
158,0.00543943,158,-0.0122718,158,0.224
159,0.007768,159,-0.0138058,159,0.352
160,0.0123265,160,-0.0138058,160,0.48
161,0.0191239,161,-0.0138058,161,0.608
162,0.0281659,162,-0.00920388,162,0.736
163,0.0394562,163,-0.00153398,163,0.864
164,0.052997,164,0.00613592,164,0.992
165,0.067251,165,0.0153398,165,0.88
166,0.0811381,166,0.0276117,166,0.752
167,0.093971,167,0.0398835,167,0.624
168,0.105313,168,0.0521553,168,0.496
169,0.114886,169,0.0613592,169,0.368
170,0.122513,170,0.0705631,170,0.24
171,0.128082,171,0.076699,171,0.112
172,0.131521,172,0.082835,172,-0.016
173,0.132785,173,0.0859029,173,-0.144
174,0.131845,174,0.0859029,174,-0.272
175,0.128683,175,0.0859029,175,-0.4
176,0.123286,176,0.0859029,176,-0.528
177,0.115648,177,0.0843689,177,-0.656
178,0.105763,178,0.079767,178,-0.784
179,0.0936297,179,0.0720971,179,-0.912
180,0.0797575,180,0.0644272,180,-0.96
181,0.0656005,181,0.0536893,181,-0.832
182,0.0520829,182,0.0414175,182,-0.704
183,0.0397927,183,0.0291456,183,-0.576
184,0.0291037,184,0.0168738,184,-0.448
185,0.0202539,185,0.0076699,185,-0.32
186,0.0133944,186,0,186,-0.192
187,0.00862143,187,-0.0076699,187,-0.064
188,0.00599615,188,-0.0107379,188,0.064
189,0.00555748,189,-0.0138058,189,0.192
190,0.00733016,190,-0.0138058,190,0.32
191,0.0113299,191,-0.0138058,191,0.448
192,0.0175668,192,-0.0138058,192,0.576
193,0.0260472,193,-0.0122718,193,0.704
194,0.0367751,194,-0.00460194,194,0.832
195,0.049753,195,0.00306796,195,0.96
196,0.0638543,196,0.0122718,196,0.912
197,0.0778493,197,0.0245437,197,0.784
198,0.0909561,198,0.0352816,198,0.656
199,0.102677,199,0.0460194,199,0.528
200,0.112697,200,0.0582913,200,0.4
201,0.120813,201,0.0659612,201,0.272
202,0.126898,202,0.0736311,202,0.144
203,0.130871,203,0.079767,203,0.016
204,0.132679,204,0.082835,204,-0.112
205,0.132291,205,0.0843689,205,-0.24
206,0.129684,206,0.0843689,206,-0.368
207,0.124846,207,0.0843689,207,-0.496
208,0.117769,208,0.0843689,208,-0.624
209,0.108446,209,0.079767,209,-0.752
210,0.0968744,210,0.0720971,210,-0.88
211,0.0831548,211,0.0644272,211,-0.992
212,0.0688895,212,0.0536893,212,-0.864
213,0.055098,213,0.0414175,213,-0.736
214,0.0424284,214,0.0306796,214,-0.608
215,0.031293,215,0.0168738,215,-0.48
216,0.021954,216,0.00613592,216,-0.352
217,0.0145783,217,-0.00153398,217,-0.224
218,0.00927177,218,-0.0076699,218,-0.096
219,0.00610201,219,-0.0138058,219,0.032
220,0.00511189,220,-0.0168738,220,0.16
221,0.00632868,221,-0.0168738,221,0.288
222,0.00976975,222,-0.0168738,222,0.416
223,0.0154461,223,-0.0168738,223,0.544
224,0.0233648,224,-0.0153398,224,0.672
225,0.0335303,225,-0.0107379,225,0.8
226,0.0459454,226,-0.00306796,226,0.928
227,0.0598939,227,0.00613592,227,0.944
228,0.0739969,228,0.0168738,228,0.816
229,0.0873776,229,0.0291456,229,0.688
230,0.0994781,230,0.0414175,230,0.56
231,0.109944,231,0.0521553,231,0.432
232,0.118549,232,0.0613592,232,0.304
233,0.12515,233,0.0690291,233,0.176
234,0.129657,234,0.0751651,234,0.048
235,0.13201,235,0.079767,235,-0.08
236,0.132173,236,0.081301,236,-0.208
237,0.130122,237,0.081301,237,-0.336
238,0.125843,238,0.081301,238,-0.464
239,0.119326,239,0.081301,239,-0.592
240,0.110565,240,0.078233,240,-0.72
241,0.0995555,241,0.0720971,241,-0.848
242,0.0862961,242,0.0628932,242,-0.976
243,0.0721184,243,0.0536893,243,-0.896
244,0.0581774,244,0.0414175,244,-0.768
245,0.0452076,245,0.0291456,245,-0.64
246,0.033676,246,0.0184078,246,-0.512
247,0.02388,247,0.0076699,247,-0.384
248,0.0160083,248,-0.00153398,248,-0.256
249,0.0101813,249,-0.00920388,249,-0.128
250,0.00647531,250,-0.0138058,250,0
251,0.00493897,251,-0.0184078,251,0.128
252,0.0056032,252,-0.0199418,252,0.256
253,0.00848767,253,-0.0199418,253,0.384
254,0.0136049,254,-0.0199418,254,0.512
255,0.0209628,255,-0.0199418,255,0.64
256,0.0305664,256,-0.0138058,256,0.768
257,0.0424191,257,-0.0076699,257,0.896
258,0.056215,258,0.00153398,258,0.976
259,0.0704261,259,0.0122718,259,0.848
260,0.0840807,260,0.0245437,260,0.72
261,0.0965606,261,0.0368155,261,0.592
262,0.107473,262,0.0475534,262,0.464
263,0.116567,263,0.0567573,263,0.336
264,0.123685,264,0.0644272,264,0.208
265,0.128725,265,0.0705631,265,0.08
266,0.131622,266,0.076699,266,-0.048
267,0.132336,267,0.078233,267,-0.176
268,0.130842,268,0.079767,268,-0.304
269,0.127121,269,0.079767,269,-0.432
270,0.121165,270,0.079767,270,-0.56
271,0.112965,271,0.076699,271,-0.688
272,0.102518,272,0.0705631,272,-0.816
273,0.0898219,273,0.0628932,273,-0.944
274,0.075797,274,0.0536893,274,-0.928
275,0.061748,275,0.0429515,275,-0.8
276,0.0485043,276,0.0291456,276,-0.672
277,0.0365934,277,0.0184078,277,-0.544
278,0.0263509,278,0.0076699,278,-0.416
279,0.0179902,279,-0.00153398,279,-0.288
280,0.0116469,280,-0.0107379,280,-0.16
281,0.00740745,281,-0.0153398,281,-0.032
282,0.00532664,282,-0.0199418,282,0.096
283,0.00543943,283,-0.0214757,283,0.224
284,0.007768,284,-0.0214757,284,0.352
285,0.0123265,285,-0.0214757,285,0.48
286,0.0191239,286,-0.0214757,286,0.608
287,0.0281659,287,-0.0184078,287,0.736
288,0.0394562,288,-0.0122718,288,0.864
289,0.052997,289,-0.00460194,289,0.992
290,0.067251,290,0.00613592,290,0.88
291,0.0811381,291,0.0168738,291,0.752
292,0.093971,292,0.0291456,292,0.624
293,0.105313,293,0.0398835,293,0.496
294,0.114886,294,0.0506214,294,0.368
295,0.122513,295,0.0598253,295,0.24
296,0.128082,296,0.0674952,296,0.112
297,0.131521,297,0.0720971,297,-0.016
298,0.132785,298,0.0751651,298,-0.144
299,0.131845,299,0.076699,299,-0.272
300,0.128683,300,0.076699,300,-0.4
301,0.123286,301,0.076699,301,-0.528
302,0.115648,302,0.0751651,302,-0.656
303,0.105763,303,0.0690291,303,-0.784
304,0.0936297,304,0.0628932,304,-0.912
305,0.0797575,305,0.0536893,305,-0.96
306,0.0656005,306,0.0429515,306,-0.832
307,0.0520829,307,0.0306796,307,-0.704
308,0.0397927,308,0.0199418,308,-0.576
309,0.0291037,309,0.0076699,309,-0.448
310,0.0202539,310,-0.00153398,310,-0.32
311,0.0133944,311,-0.0107379,311,-0.192
312,0.00862143,312,-0.0168738,312,-0.064
313,0.00599615,313,-0.0214757,313,0.064
314,0.00555748,314,-0.0230097,314,0.192
315,0.00733016,315,-0.0245437,315,0.32
316,0.0113299,316,-0.0245437,316,0.448
317,0.0175668,317,-0.0245437,317,0.576
318,0.0260472,318,-0.0214757,318,0.704
319,0.0367751,319,-0.0153398,319,0.832
320,0.049753,320,-0.00613592,320,0.96
321,0.0638543,321,0.00153398,321,0.912
322,0.0778493,322,0.0138058,322,0.784
323,0.0909561,323,0.0245437,323,0.656
324,0.102677,324,0.0368155,324,0.528
325,0.112697,325,0.0475534,325,0.4
326,0.120813,326,0.0552233,326,0.272
327,0.126898,327,0.0628932,327,0.144
328,0.130871,328,0.0690291,328,0.016
329,0.132679,329,0.0720971,329,-0.112
330,0.132291,330,0.0751651,330,-0.24
331,0.129684,331,0.0751651,331,-0.368
332,0.124846,332,0.0751651,332,-0.496
333,0.117769,333,0.0736311,333,-0.624
334,0.108446,334,0.0690291,334,-0.752
335,0.0968744,335,0.0628932,335,-0.88
336,0.0831548,336,0.0536893,336,-0.992
337,0.0688895,337,0.0444854,337,-0.864
338,0.055098,338,0.0322136,338,-0.736
339,0.0424284,339,0.0199418,339,-0.608
340,0.031293,340,0.0076699,340,-0.48
341,0.021954,341,-0.00153398,341,-0.352
342,0.0145783,342,-0.0107379,342,-0.224
343,0.00927177,343,-0.0168738,343,-0.096
344,0.00610201,344,-0.0230097,344,0.032
345,0.00511189,345,-0.0260777,345,0.16
346,0.00632868,346,-0.0260777,346,0.288
347,0.00976975,347,-0.0260777,347,0.416
348,0.0154461,348,-0.0260777,348,0.544
349,0.0233648,349,-0.0245437,349,0.672
350,0.0335303,350,-0.0199418,350,0.8
351,0.0459454,351,-0.0122718,351,0.928
352,0.0598939,352,-0.00306796,352,0.944
353,0.0739969,353,0.00920388,353,0.816
354,0.0873776,354,0.0199418,354,0.688
355,0.0994781,355,0.0322136,355,0.56
356,0.109944,356,0.0429515,356,0.432
357,0.118549,357,0.0506214,357,0.304
358,0.12515,358,0.0598253,358,0.176
359,0.129657,359,0.0659612,359,0.048
360,0.13201,360,0.0705631,360,-0.08
361,0.132173,361,0.0720971,361,-0.208
362,0.130122,362,0.0720971,362,-0.336
363,0.125843,363,0.0720971,363,-0.464
364,0.119326,364,0.0720971,364,-0.592
365,0.110565,365,0.0690291,365,-0.72
366,0.0995555,366,0.0628932,366,-0.848
367,0.0862961,367,0.0536893,367,-0.976
368,0.0721184,368,0.0429515,368,-0.896
369,0.0581774,369,0.0322136,369,-0.768
370,0.0452076,370,0.0199418,370,-0.64
371,0.033676,371,0.00920388,371,-0.512
372,0.02388,372,-0.00153398,372,-0.384
373,0.0160083,373,-0.0107379,373,-0.256
374,0.0101813,374,-0.0184078,374,-0.128
375,0.00647531,375,-0.0245437,375,0
376,0.00493897,376,-0.0276117,376,0.128
377,0.0056032,377,-0.0291456,377,0.256
378,0.00848767,378,-0.0291456,378,0.384
379,0.0136049,379,-0.0291456,379,0.512
380,0.0209628,380,-0.0276117,380,0.64
381,0.0305664,381,-0.0230097,381,0.768
382,0.0424191,382,-0.0153398,382,0.896
383,0.056215,383,-0.0076699,383,0.976
384,0.0704261,384,0.00460194,384,0.848
385,0.0840807,385,0.0153398,385,0.72
386,0.0965606,386,0.0260777,386,0.592
387,0.107473,387,0.0368155,387,0.464
388,0.116567,388,0.0475534,388,0.336
389,0.123685,389,0.0552233,389,0.208
390,0.128725,390,0.0628932,390,0.08
391,0.131622,391,0.0674952,391,-0.048
392,0.132336,392,0.0705631,392,-0.176
393,0.130842,393,0.0705631,393,-0.304
394,0.127121,394,0.0705631,394,-0.432
395,0.121165,395,0.0705631,395,-0.56
396,0.112965,396,0.0674952,396,-0.688
397,0.102518,397,0.0628932,397,-0.816
398,0.0898219,398,0.0552233,398,-0.944
399,0.075797,399,0.0444854,399,-0.928
400,0.061748,400,0.0322136,400,-0.8
401,0.0485043,401,0.0214757,401,-0.672
402,0.0365934,402,0.00920388,402,-0.544
403,0.0263509,403,-0.00153398,403,-0.416
404,0.0179902,404,-0.0107379,404,-0.288
405,0.0116469,405,-0.0184078,405,-0.16
406,0.00740745,406,-0.0245437,406,-0.032
407,0.00532664,407,-0.0291456,407,0.096
408,0.00543943,408,-0.0306796,408,0.224
409,0.007768,409,-0.0306796,409,0.352
410,0.0123265,410,-0.0306796,410,0.48
411,0.0191239,411,-0.0306796,411,0.608
412,0.0281659,412,-0.0260777,412,0.736
413,0.0394562,413,-0.0199418,413,0.864
414,0.052997,414,-0.0122718,414,0.992
415,0.067251,415,-0.00153398,415,0.88
416,0.0811381,416,0.0107379,416,0.752
417,0.093971,417,0.0214757,417,0.624
418,0.105313,418,0.0337476,418,0.496
419,0.114886,419,0.0429515,419,0.368
420,0.122513,420,0.0521553,420,0.24
421,0.128082,421,0.0598253,421,0.112
422,0.131521,422,0.0644272,422,-0.016
423,0.132785,423,0.0674952,423,-0.144
424,0.131845,424,0.0690291,424,-0.272
425,0.128683,425,0.0690291,425,-0.4
426,0.123286,426,0.0690291,426,-0.528
427,0.115648,427,0.0674952,427,-0.656
428,0.105763,428,0.0613592,428,-0.784
429,0.0936297,429,0.0552233,429,-0.912
430,0.0797575,430,0.0460194,430,-0.96
431,0.0656005,431,0.0337476,431,-0.832
432,0.0520829,432,0.0230097,432,-0.704
433,0.0397927,433,0.0107379,433,-0.576
434,0.0291037,434,-0.00153398,434,-0.448
435,0.0202539,435,-0.0107379,435,-0.32
436,0.0133944,436,-0.0184078,436,-0.192
437,0.00862143,437,-0.0260777,437,-0.064
438,0.00599615,438,-0.0291456,438,0.064
439,0.00555748,439,-0.0322136,439,0.192
440,0.00733016,440,-0.0322136,440,0.32
441,0.0113299,441,-0.0322136,441,0.448
442,0.0175668,442,-0.0322136,442,0.576
443,0.0260472,443,-0.0291456,443,0.704
444,0.0367751,444,-0.0245437,444,0.832
445,0.049753,445,-0.0153398,445,0.96
446,0.0638543,446,-0.00460194,446,0.912
447,0.0778493,447,0.00460194,447,0.784
448,0.0909561,448,0.0168738,448,0.656
449,0.102677,449,0.0276117,449,0.528
450,0.112697,450,0.0398835,450,0.4
451,0.120813,451,0.0490874,451,0.272
452,0.126898,452,0.0552233,452,0.144
453,0.130871,453,0.0613592,453,0.016
454,0.132679,454,0.0644272,454,-0.112
455,0.132291,455,0.0674952,455,-0.24
456,0.129684,456,0.0674952,456,-0.368
457,0.124846,457,0.0674952,457,-0.496
458,0.117769,458,0.0659612,458,-0.624
459,0.108446,459,0.0613592,459,-0.752
460,0.0968744,460,0.0552233,460,-0.88
461,0.0831548,461,0.0460194,461,-0.992
462,0.0688895,462,0.0352816,462,-0.864
463,0.055098,463,0.0245437,463,-0.736
464,0.0424284,464,0.0122718,464,-0.608
465,0.031293,465,0.00153398,465,-0.48
466,0.021954,466,-0.00920388,466,-0.352
467,0.0145783,467,-0.0184078,467,-0.224
468,0.00927177,468,-0.0260777,468,-0.096
469,0.00610201,469,-0.0306796,469,0.032
470,0.00511189,470,-0.0322136,470,0.16
471,0.00632868,471,-0.0337476,471,0.288
472,0.00976975,472,-0.0337476,472,0.416
473,0.0154461,473,-0.0337476,473,0.544
474,0.0233648,474,-0.0322136,474,0.672
475,0.0335303,475,-0.0260777,475,0.8
476,0.0459454,476,-0.0199418,476,0.928
477,0.0598939,477,-0.00920388,477,0.944
478,0.0739969,478,0.00153398,478,0.816
479,0.0873776,479,0.0122718,479,0.688
480,0.0994781,480,0.0245437,480,0.56
481,0.109944,481,0.0352816,481,0.432
482,0.118549,482,0.0444854,482,0.304
483,0.12515,483,0.0521553,483,0.176
484,0.129657,484,0.0582913,484,0.048
485,0.13201,485,0.0628932,485,-0.08
486,0.132173,486,0.0644272,486,-0.208
487,0.130122,487,0.0644272,487,-0.336
488,0.125843,488,0.0644272,488,-0.464
489,0.119326,489,0.0644272,489,-0.592
490,0.110565,490,0.0613592,490,-0.72
491,0.0995555,491,0.0552233,491,-0.848
492,0.0862961,492,0.0475534,492,-0.976
493,0.0721184,493,0.0368155,493,-0.896
494,0.0581774,494,0.0245437,494,-0.768
495,0.0452076,495,0.0122718,495,-0.64
496,0.033676,496,-0.00153398,496,-0.512
497,0.02388,497,-0.00920388,497,-0.384
498,0.0160083,498,-0.0184078,498,-0.256
499,0.0101813,499,-0.0260777,499,-0.128
500,0.00647531,500,-0.0322136,500,0
501,0.00493897,501,-0.0352816,501,0.128
502,0.0056032,502,-0.0368155,502,0.256
503,0.00848767,503,-0.0368155,503,0.384
504,0.0136049,504,-0.0368155,504,0.512
505,0.0209628,505,-0.0352816,505,0.64
506,0.0305664,506,-0.0306796,506,0.768
507,0.0424191,507,-0.0230097,507,0.896
508,0.056215,508,-0.0153398,508,0.976
509,0.0704261,509,-0.00306796,509,0.848
510,0.0840807,510,0.00920388,510,0.72
511,0.0965606,511,0.0199418,511,0.592
512,0.107473,512,0.0306796,512,0.464
513,0.116567,513,0.0398835,513,0.336
514,0.123685,514,0.0490874,514,0.208
515,0.128725,515,0.0552233,515,0.08
516,0.131622,516,0.0598253,516,-0.048
517,0.132336,517,0.0628932,517,-0.176
518,0.130842,518,0.0628932,518,-0.304
519,0.127121,519,0.0628932,519,-0.432
520,0.121165,520,0.0628932,520,-0.56
521,0.112965,521,0.0613592,521,-0.688
522,0.102518,522,0.0552233,522,-0.816
523,0.0898219,523,0.0475534,523,-0.944
524,0.075797,524,0.0383495,524,-0.928
525,0.061748,525,0.0276117,525,-0.8
526,0.0485043,526,0.0138058,526,-0.672
527,0.0365934,527,0.00306796,527,-0.544
528,0.0263509,528,-0.0076699,528,-0.416
529,0.0179902,529,-0.0184078,529,-0.288
530,0.0116469,530,-0.0260777,530,-0.16
531,0.00740745,531,-0.0306796,531,-0.032
532,0.00532664,532,-0.0352816,532,0.096
533,0.00543943,533,-0.0368155,533,0.224
534,0.007768,534,-0.0368155,534,0.352
535,0.0123265,535,-0.0368155,535,0.48
536,0.0191239,536,-0.0368155,536,0.608
537,0.0281659,537,-0.0322136,537,0.736
538,0.0394562,538,-0.0260777,538,0.864
539,0.052997,539,-0.0168738,539,0.992
540,0.067251,540,-0.00613592,540,0.88
541,0.0811381,541,0.00460194,541,0.752
542,0.093971,542,0.0153398,542,0.624
543,0.105313,543,0.0276117,543,0.496
544,0.114886,544,0.0383495,544,0.368
545,0.122513,545,0.0460194,545,0.24
546,0.128082,546,0.0521553,546,0.112
547,0.131521,547,0.0582913,547,-0.016
548,0.132785,548,0.0613592,548,-0.144
549,0.131845,549,0.0628932,549,-0.272
550,0.128683,550,0.0628932,550,-0.4
551,0.123286,551,0.0628932,551,-0.528
552,0.115648,552,0.0613592,552,-0.656
553,0.105763,553,0.0567573,553,-0.784
554,0.0936297,554,0.0490874,554,-0.912
555,0.0797575,555,0.0398835,555,-0.96
556,0.0656005,556,0.0291456,556,-0.832
557,0.0520829,557,0.0153398,557,-0.704
558,0.0397927,558,0.00460194,558,-0.576
559,0.0291037,559,-0.00613592,559,-0.448
560,0.0202539,560,-0.0168738,560,-0.32
561,0.0133944,561,-0.0245437,561,-0.192
562,0.00862143,562,-0.0306796,562,-0.064
563,0.00599615,563,-0.0352816,563,0.064
564,0.00555748,564,-0.0383495,564,0.192
565,0.00733016,565,-0.0383495,565,0.32
566,0.0113299,566,-0.0383495,566,0.448
567,0.0175668,567,-0.0383495,567,0.576
568,0.0260472,568,-0.0352816,568,0.704
569,0.0367751,569,-0.0291456,569,0.832
570,0.049753,570,-0.0199418,570,0.96
571,0.0638543,571,-0.0107379,571,0.912
572,0.0778493,572,0,572,0.784
573,0.0909561,573,0.0122718,573,0.656
574,0.102677,574,0.0245437,574,0.528
575,0.112697,575,0.0337476,575,0.4
576,0.120813,576,0.0429515,576,0.272
577,0.126898,577,0.0506214,577,0.144
578,0.130871,578,0.0552233,578,0.016
579,0.132679,579,0.0598253,579,-0.112
580,0.132291,580,0.0613592,580,-0.24
581,0.129684,581,0.0613592,581,-0.368
582,0.124846,582,0.0613592,582,-0.496
583,0.117769,583,0.0613592,583,-0.624
584,0.108446,584,0.0552233,584,-0.752
585,0.0968744,585,0.0490874,585,-0.88
586,0.0831548,586,0.0398835,586,-0.992
587,0.0688895,587,0.0291456,587,-0.864
588,0.055098,588,0.0168738,588,-0.736
589,0.0424284,589,0.00460194,589,-0.608
590,0.031293,590,-0.00613592,590,-0.48
591,0.021954,591,-0.0168738,591,-0.352
592,0.0145783,592,-0.0260777,592,-0.224
593,0.00927177,593,-0.0322136,593,-0.096
594,0.00610201,594,-0.0368155,594,0.032
595,0.00511189,595,-0.0398835,595,0.16
596,0.00632868,596,-0.0414175,596,0.288
597,0.00976975,597,-0.0414175,597,0.416
598,0.0154461,598,-0.0414175,598,0.544
599,0.0233648,599,-0.0383495,599,0.672
600,0.0335303,600,-0.0322136,600,0.8
601,0.0459454,601,-0.0260777,601,0.928
602,0.0598939,602,-0.0153398,602,0.944
603,0.0739969,603,-0.00460194,603,0.816
604,0.0873776,604,0.00613592,604,0.688
605,0.0994781,605,0.0184078,605,0.56
606,0.109944,606,0.0291456,606,0.432
607,0.118549,607,0.0383495,607,0.304
608,0.12515,608,0.0460194,608,0.176
609,0.129657,609,0.0521553,609,0.048
610,0.13201,610,0.0567573,610,-0.08
611,0.132173,611,0.0582913,611,-0.208
612,0.130122,612,0.0598253,612,-0.336
613,0.125843,613,0.0598253,613,-0.464
614,0.119326,614,0.0598253,614,-0.592
615,0.110565,615,0.0552233,615,-0.72
616,0.0995555,616,0.0490874,616,-0.848
617,0.0862961,617,0.0414175,617,-0.976
618,0.0721184,618,0.0306796,618,-0.896
619,0.0581774,619,0.0184078,619,-0.768
620,0.0452076,620,0.00613592,620,-0.64
621,0.033676,621,-0.00460194,621,-0.512
622,0.02388,622,-0.0153398,622,-0.384
623,0.0160083,623,-0.0245437,623,-0.256
624,0.0101813,624,-0.0322136,624,-0.128
625,0.00647531,625,-0.0383495,625,0
626,0.00493897,626,-0.0414175,626,0.128
627,0.0056032,627,-0.0429515,627,0.256
628,0.00848767,628,-0.0429515,628,0.384
629,0.0136049,629,-0.0429515,629,0.512
630,0.0209628,630,-0.0414175,630,0.64
631,0.0305664,631,-0.0368155,631,0.768
632,0.0424191,632,-0.0291456,632,0.896
633,0.056215,633,-0.0214757,633,0.976
634,0.0704261,634,-0.00920388,634,0.848
635,0.0840807,635,0.00306796,635,0.72
636,0.0965606,636,0.0138058,636,0.592
637,0.107473,637,0.0260777,637,0.464
638,0.116567,638,0.0352816,638,0.336
639,0.123685,639,0.0429515,639,0.208
640,0.128725,640,0.0490874,640,0.08
641,0.131622,641,0.0552233,641,-0.048
642,0.132336,642,0.0567573,642,-0.176
643,0.130842,643,0.0582913,643,-0.304
644,0.127121,644,0.0582913,644,-0.432
645,0.121165,645,0.0582913,645,-0.56
646,0.112965,646,0.0552233,646,-0.688
647,0.102518,647,0.0490874,647,-0.816
648,0.0898219,648,0.0414175,648,-0.944
649,0.075797,649,0.0322136,649,-0.928
650,0.061748,650,0.0214757,650,-0.8
651,0.0485043,651,0.0076699,651,-0.672
652,0.0365934,652,-0.00306796,652,-0.544
653,0.0263509,653,-0.0138058,653,-0.416
654,0.0179902,654,-0.0245437,654,-0.288
655,0.0116469,655,-0.0322136,655,-0.16
656,0.00740745,656,-0.0383495,656,-0.032
657,0.00532664,657,-0.0414175,657,0.096
658,0.00543943,658,-0.0429515,658,0.224
659,0.007768,659,-0.0444854,659,0.352
660,0.0123265,660,-0.0444854,660,0.48
661,0.0191239,661,-0.0444854,661,0.608
662,0.0281659,662,-0.0383495,662,0.736
663,0.0394562,663,-0.0322136,663,0.864
664,0.052997,664,-0.0245437,664,0.992
665,0.067251,665,-0.0122718,665,0.88
666,0.0811381,666,-0.00153398,666,0.752
667,0.093971,667,0.0107379,667,0.624
668,0.105313,668,0.0214757,668,0.496
669,0.114886,669,0.0322136,669,0.368
670,0.122513,670,0.0398835,670,0.24
671,0.128082,671,0.0475534,671,0.112
672,0.131521,672,0.0521553,672,-0.016
673,0.132785,673,0.0552233,673,-0.144
674,0.131845,674,0.0567573,674,-0.272
675,0.128683,675,0.0567573,675,-0.4
676,0.123286,676,0.0567573,676,-0.528
677,0.115648,677,0.0552233,677,-0.656
678,0.105763,678,0.0506214,678,-0.784
679,0.0936297,679,0.0414175,679,-0.912
680,0.0797575,680,0.0337476,680,-0.96
681,0.0656005,681,0.0214757,681,-0.832
682,0.0520829,682,0.0107379,682,-0.704
683,0.0397927,683,-0.00153398,683,-0.576
684,0.0291037,684,-0.0138058,684,-0.448
685,0.0202539,685,-0.0230097,685,-0.32
686,0.0133944,686,-0.0306796,686,-0.192
687,0.00862143,687,-0.0383495,687,-0.064
688,0.00599615,688,-0.0429515,688,0.064
689,0.00555748,689,-0.0444854,689,0.192
690,0.00733016,690,-0.0444854,690,0.32
691,0.0113299,691,-0.0444854,691,0.448
692,0.0175668,692,-0.0444854,692,0.576
693,0.0260472,693,-0.0414175,693,0.704
694,0.0367751,694,-0.0352816,694,0.832
695,0.049753,695,-0.0276117,695,0.96
696,0.0638543,696,-0.0184078,696,0.912
697,0.0778493,697,-0.00613592,697,0.784
698,0.0909561,698,0.00613592,698,0.656
699,0.102677,699,0.0184078,699,0.528
700,0.112697,700,0.0276117,700,0.4
701,0.120813,701,0.0368155,701,0.272
702,0.126898,702,0.0444854,702,0.144
703,0.130871,703,0.0490874,703,0.016
704,0.132679,704,0.0536893,704,-0.112
705,0.132291,705,0.0552233,705,-0.24
706,0.129684,706,0.0552233,706,-0.368
707,0.124846,707,0.0552233,707,-0.496
708,0.117769,708,0.0552233,708,-0.624
709,0.108446,709,0.0506214,709,-0.752
710,0.0968744,710,0.0429515,710,-0.88
711,0.0831548,711,0.0352816,711,-0.992
712,0.0688895,712,0.0230097,712,-0.864
713,0.055098,713,0.0107379,713,-0.736
714,0.0424284,714,0,714,-0.608
715,0.031293,715,-0.0122718,715,-0.48
716,0.021954,716,-0.0214757,716,-0.352
717,0.0145783,717,-0.0306796,717,-0.224
718,0.00927177,718,-0.0383495,718,-0.096
719,0.00610201,719,-0.0429515,719,0.032
720,0.00511189,720,-0.0460194,720,0.16
721,0.00632868,721,-0.0460194,721,0.288
722,0.00976975,722,-0.0460194,722,0.416
723,0.0154461,723,-0.0460194,723,0.544
724,0.0233648,724,-0.0444854,724,0.672
725,0.0335303,725,-0.0383495,725,0.8
726,0.0459454,726,-0.0306796,726,0.928
727,0.0598939,727,-0.0214757,727,0.944
728,0.0739969,728,-0.00920388,728,0.816
729,0.0873776,729,0.00306796,729,0.688
730,0.0994781,730,0.0138058,730,0.56
731,0.109944,731,0.0245437,731,0.432
732,0.118549,732,0.0337476,732,0.304
733,0.12515,733,0.0414175,733,0.176
734,0.129657,734,0.0475534,734,0.048
735,0.13201,735,0.0521553,735,-0.08
736,0.132173,736,0.0536893,736,-0.208
737,0.130122,737,0.0536893,737,-0.336
738,0.125843,738,0.0536893,738,-0.464
739,0.119326,739,0.0536893,739,-0.592
740,0.110565,740,0.0506214,740,-0.72
741,0.0995555,741,0.0429515,741,-0.848
742,0.0862961,742,0.0352816,742,-0.976
743,0.0721184,743,0.0245437,743,-0.896
744,0.0581774,744,0.0138058,744,-0.768
745,0.0452076,745,0.00153398,745,-0.64
746,0.033676,746,-0.0107379,746,-0.512
747,0.02388,747,-0.0199418,747,-0.384
748,0.0160083,748,-0.0291456,748,-0.256
749,0.0101813,749,-0.0368155,749,-0.128
750,0.00647531,750,-0.0429515,750,0
751,0.00493897,751,-0.0460194,751,0.128
752,0.0056032,752,-0.0475534,752,0.256
753,0.00848767,753,-0.0475534,753,0.384
754,0.0136049,754,-0.0475534,754,0.512
755,0.0209628,755,-0.0460194,755,0.64
756,0.0305664,756,-0.0414175,756,0.768
757,0.0424191,757,-0.0337476,757,0.896
758,0.056215,758,-0.0245437,758,0.976
759,0.0704261,759,-0.0138058,759,0.848
760,0.0840807,760,-0.00153398,760,0.72
761,0.0965606,761,0.00920388,761,0.592
762,0.107473,762,0.0214757,762,0.464
763,0.116567,763,0.0306796,763,0.336
764,0.123685,764,0.0383495,764,0.208
765,0.128725,765,0.0460194,765,0.08
766,0.131622,766,0.0506214,766,-0.048
767,0.132336,767,0.0521553,767,-0.176
768,0.130842,768,0.0536893,768,-0.304
769,0.127121,769,0.0536893,769,-0.432
770,0.121165,770,0.0536893,770,-0.56
771,0.112965,771,0.0506214,771,-0.688
772,0.102518,772,0.0460194,772,-0.816
773,0.0898219,773,0.0383495,773,-0.944
774,0.075797,774,0.0276117,774,-0.928
775,0.061748,775,0.0168738,775,-0.8
776,0.0485043,776,0.00460194,776,-0.672
777,0.0365934,777,-0.0076699,777,-0.544
778,0.0263509,778,-0.0199418,778,-0.416
779,0.0179902,779,-0.0276117,779,-0.288
780,0.0116469,780,-0.0352816,780,-0.16
781,0.00740745,781,-0.0429515,781,-0.032
782,0.00532664,782,-0.0460194,782,0.096
783,0.00543943,783,-0.0475534,783,0.224
784,0.007768,784,-0.0475534,784,0.352
785,0.0123265,785,-0.0475534,785,0.48
786,0.0191239,786,-0.0475534,786,0.608
787,0.0281659,787,-0.0444854,787,0.736
788,0.0394562,788,-0.0368155,788,0.864
789,0.052997,789,-0.0291456,789,0.992
790,0.067251,790,-0.0168738,790,0.88
791,0.0811381,791,-0.00613592,791,0.752
792,0.093971,792,0.00613592,792,0.624
793,0.105313,793,0.0184078,793,0.496
794,0.114886,794,0.0276117,794,0.368
795,0.122513,795,0.0352816,795,0.24
796,0.128082,796,0.0429515,796,0.112
797,0.131521,797,0.0475534,797,-0.016
798,0.132785,798,0.0521553,798,-0.144
799,0.131845,799,0.0521553,799,-0.272
800,0.128683,800,0.0521553,800,-0.4
801,0.123286,801,0.0521553,801,-0.528
802,0.115648,802,0.0506214,802,-0.656
803,0.105763,803,0.0444854,803,-0.784
804,0.0936297,804,0.0383495,804,-0.912
805,0.0797575,805,0.0291456,805,-0.96
806,0.0656005,806,0.0184078,806,-0.832
807,0.0520829,807,0.00460194,807,-0.704
808,0.0397927,808,-0.00613592,808,-0.576
809,0.0291037,809,-0.0168738,809,-0.448
810,0.0202539,810,-0.0276117,810,-0.32
811,0.0133944,811,-0.0352816,811,-0.192
812,0.00862143,812,-0.0414175,812,-0.064
813,0.00599615,813,-0.0460194,813,0.064
814,0.00555748,814,-0.0490874,814,0.192
815,0.00733016,815,-0.0490874,815,0.32
816,0.0113299,816,-0.0490874,816,0.448
817,0.0175668,817,-0.0490874,817,0.576
818,0.0260472,818,-0.0460194,818,0.704
819,0.0367751,819,-0.0398835,819,0.832
820,0.049753,820,-0.0322136,820,0.96
821,0.0638543,821,-0.0214757,821,0.912
822,0.0778493,822,-0.00920388,822,0.784
823,0.0909561,823,0.00153398,823,0.656
824,0.102677,824,0.0122718,824,0.528
825,0.112697,825,0.0245437,825,0.4
826,0.120813,826,0.0337476,826,0.272
827,0.126898,827,0.0398835,827,0.144
828,0.130871,828,0.0460194,828,0.016
829,0.132679,829,0.0490874,829,-0.112
830,0.132291,830,0.0506214,830,-0.24
831,0.129684,831,0.0506214,831,-0.368
832,0.124846,832,0.0506214,832,-0.496
833,0.117769,833,0.0506214,833,-0.624
834,0.108446,834,0.0460194,834,-0.752
835,0.0968744,835,0.0383495,835,-0.88
836,0.0831548,836,0.0306796,836,-0.992
837,0.0688895,837,0.0184078,837,-0.864
838,0.055098,838,0.00613592,838,-0.736
839,0.0424284,839,-0.00460194,839,-0.608
840,0.031293,840,-0.0153398,840,-0.48
841,0.021954,841,-0.0276117,841,-0.352
842,0.0145783,842,-0.0352816,842,-0.224
843,0.00927177,843,-0.0429515,843,-0.096
844,0.00610201,844,-0.0475534,844,0.032
845,0.00511189,845,-0.0506214,845,0.16
846,0.00632868,846,-0.0506214,846,0.288
847,0.00976975,847,-0.0506214,847,0.416
848,0.0154461,848,-0.0506214,848,0.544
849,0.0233648,849,-0.0490874,849,0.672
850,0.0335303,850,-0.0429515,850,0.8
851,0.0459454,851,-0.0368155,851,0.928
852,0.0598939,852,-0.0260777,852,0.944
853,0.0739969,853,-0.0153398,853,0.816
854,0.0873776,854,-0.00306796,854,0.688
855,0.0994781,855,0.00920388,855,0.56
856,0.109944,856,0.0199418,856,0.432
857,0.118549,857,0.0291456,857,0.304
858,0.12515,858,0.0368155,858,0.176
859,0.129657,859,0.0429515,859,0.048
860,0.13201,860,0.0475534,860,-0.08
861,0.132173,861,0.0490874,861,-0.208
862,0.130122,862,0.0490874,862,-0.336
863,0.125843,863,0.0490874,863,-0.464
864,0.119326,864,0.0490874,864,-0.592
865,0.110565,865,0.0460194,865,-0.72
866,0.0995555,866,0.0398835,866,-0.848
867,0.0862961,867,0.0322136,867,-0.976
868,0.0721184,868,0.0199418,868,-0.896
869,0.0581774,869,0.00920388,869,-0.768
870,0.0452076,870,-0.00306796,870,-0.64
871,0.033676,871,-0.0138058,871,-0.512
872,0.02388,872,-0.0260777,872,-0.384
873,0.0160083,873,-0.0352816,873,-0.256
874,0.0101813,874,-0.0414175,874,-0.128
875,0.00647531,875,-0.0475534,875,0
876,0.00493897,876,-0.0506214,876,0.128
877,0.0056032,877,-0.0521553,877,0.256
878,0.00848767,878,-0.0521553,878,0.384
879,0.0136049,879,-0.0521553,879,0.512
880,0.0209628,880,-0.0506214,880,0.64
881,0.0305664,881,-0.0460194,881,0.768
882,0.0424191,882,-0.0398835,882,0.896
883,0.056215,883,-0.0291456,883,0.976
884,0.0704261,884,-0.0184078,884,0.848
885,0.0840807,885,-0.0076699,885,0.72
886,0.0965606,886,0.00460194,886,0.592
887,0.107473,887,0.0153398,887,0.464
888,0.116567,888,0.0276117,888,0.336
889,0.123685,889,0.0337476,889,0.208
890,0.128725,890,0.0414175,890,0.08
891,0.131622,891,0.0460194,891,-0.048
892,0.132336,892,0.0475534,892,-0.176
893,0.130842,893,0.0490874,893,-0.304
894,0.127121,894,0.0490874,894,-0.432
895,0.121165,895,0.0490874,895,-0.56
896,0.112965,896,0.0460194,896,-0.688
897,0.102518,897,0.0398835,897,-0.816
898,0.0898219,898,0.0322136,898,-0.944
899,0.075797,899,0.0214757,899,-0.928
900,0.061748,900,0.0107379,900,-0.8
901,0.0485043,901,-0.00306796,901,-0.672
902,0.0365934,902,-0.0138058,902,-0.544
903,0.0263509,903,-0.0245437,903,-0.416
904,0.0179902,904,-0.0352816,904,-0.288
905,0.0116469,905,-0.0414175,905,-0.16
906,0.00740745,906,-0.0475534,906,-0.032
907,0.00532664,907,-0.0521553,907,0.096
908,0.00543943,908,-0.0536893,908,0.224
909,0.007768,909,-0.0536893,909,0.352
910,0.0123265,910,-0.0536893,910,0.48
911,0.0191239,911,-0.0536893,911,0.608
912,0.0281659,912,-0.0490874,912,0.736
913,0.0394562,913,-0.0429515,913,0.864
914,0.052997,914,-0.0352816,914,0.992
915,0.067251,915,-0.0245437,915,0.88
916,0.0811381,916,-0.0122718,916,0.752
917,0.093971,917,0,917,0.624
918,0.105313,918,0.0107379,918,0.496
919,0.114886,919,0.0230097,919,0.368
920,0.122513,920,0.0306796,920,0.24
921,0.128082,921,0.0368155,921,0.112
922,0.131521,922,0.0429515,922,-0.016
923,0.132785,923,0.0460194,923,-0.144
924,0.131845,924,0.0460194,924,-0.272
925,0.128683,925,0.0460194,925,-0.4
926,0.123286,926,0.0460194,926,-0.528
927,0.115648,927,0.0444854,927,-0.656
928,0.105763,928,0.0398835,928,-0.784
929,0.0936297,929,0.0322136,929,-0.912
930,0.0797575,930,0.0230097,930,-0.96
931,0.0656005,931,0.0107379,931,-0.832
932,0.0520829,932,-0.00153398,932,-0.704
933,0.0397927,933,-0.0138058,933,-0.576
934,0.0291037,934,-0.0245437,934,-0.448
935,0.0202539,935,-0.0337476,935,-0.32
936,0.0133944,936,-0.0414175,936,-0.192
937,0.00862143,937,-0.0490874,937,-0.064
938,0.00599615,938,-0.0536893,938,0.064
939,0.00555748,939,-0.0552233,939,0.192
940,0.00733016,940,-0.0567573,940,0.32
941,0.0113299,941,-0.0567573,941,0.448
942,0.0175668,942,-0.0567573,942,0.576
943,0.0260472,943,-0.0536893,943,0.704
944,0.0367751,944,-0.0475534,944,0.832
945,0.049753,945,-0.0398835,945,0.96
946,0.0638543,946,-0.0291456,946,0.912
947,0.0778493,947,-0.0184078,947,0.784
948,0.0909561,948,-0.0076699,948,0.656
949,0.102677,949,0.00613592,949,0.528
950,0.112697,950,0.0153398,950,0.4
951,0.120813,951,0.0245437,951,0.272
952,0.126898,952,0.0322136,952,0.144
953,0.130871,953,0.0383495,953,0.016
954,0.132679,954,0.0414175,954,-0.112
955,0.132291,955,0.0429515,955,-0.24
956,0.129684,956,0.0429515,956,-0.368
957,0.124846,957,0.0429515,957,-0.496
958,0.117769,958,0.0429515,958,-0.624
959,0.108446,959,0.0383495,959,-0.752
960,0.0968744,960,0.0306796,960,-0.88
961,0.0831548,961,0.0214757,961,-0.992
962,0.0688895,962,0.0107379,962,-0.864
963,0.055098,963,-0.00153398,963,-0.736
964,0.0424284,964,-0.0122718,964,-0.608
965,0.031293,965,-0.0245437,965,-0.48
966,0.021954,966,-0.0352816,966,-0.352
967,0.0145783,967,-0.0444854,967,-0.224
968,0.00927177,968,-0.0506214,968,-0.096
969,0.00610201,969,-0.0552233,969,0.032
970,0.00511189,970,-0.0582913,970,0.16
971,0.00632868,971,-0.0598253,971,0.288
972,0.00976975,972,-0.0598253,972,0.416
973,0.0154461,973,-0.0598253,973,0.544
974,0.0233648,974,-0.0567573,974,0.672
975,0.0335303,975,-0.0521553,975,0.8
976,0.0459454,976,-0.0444854,976,0.928
977,0.0598939,977,-0.0352816,977,0.944
978,0.0739969,978,-0.0245437,978,0.816
979,0.0873776,979,-0.0122718,979,0.688
980,0.0994781,980,-0.00153398,980,0.56
981,0.109944,981,0.0107379,981,0.432
982,0.118549,982,0.0199418,982,0.304
983,0.12515,983,0.0276117,983,0.176
984,0.129657,984,0.0337476,984,0.048
985,0.13201,985,0.0383495,985,-0.08
986,0.132173,986,0.0398835,986,-0.208
987,0.130122,987,0.0398835,987,-0.336
988,0.125843,988,0.0398835,988,-0.464
989,0.119326,989,0.0398835,989,-0.592
990,0.110565,990,0.0352816,990,-0.72
991,0.0995555,991,0.0291456,991,-0.848
992,0.0862961,992,0.0214757,992,-0.976
993,0.0721184,993,0.0107379,993,-0.896
994,0.0581774,994,-0.00153398,994,-0.768
995,0.0452076,995,-0.0122718,995,-0.64
996,0.033676,996,-0.0245437,996,-0.512
997,0.02388,997,-0.0352816,997,-0.384
998,0.0160083,998,-0.0444854,998,-0.256
999,0.0101813,999,-0.0521553,999,-0.128
1000,0.00647531,1000,-0.0567573,1000,0
